run,m,k,d,n,b,lowest_real,highest_fake,distinguishable,distinguishability_ratio,euclidean_length_betas,abs_deviation,squared_deviation,max_normed_deviation,epsilon_droot_m,epsilon_droot_rootd,epsilon_droot_halfd,epsilon_dlinear_m,epsilon_dlinear_rootd,epsilon_dlinear_halfd
0,0,0,0,0,0,0,0,0,0,0,0,0,0,0,0,0,0,0,0
1,1,1,2,10,0.1,0.13749238922462867,-0.013816767663155044,1,9.951125514781396,0.1381848767534074,0.05130915688778371,0.0015965823184286583,0.037492389224628664,0.9974911969620317,0.31620808468301986,0.9974911969620317,1.9899773760334933,0.19997510563780774,1.9899773760334933
2,1,1,2,100,0.1,0.09332522837982889,-0.004092814205910311,1,22.802214731629086,0.09341493124908523,0.010767585826081429,6.130370430554302e-5,0.006674771620171119,0.9995197533575151,0.20931621158986283,0.9995197533575151,1.9980794747037354,0.08762655286866444,1.9980794747037354
3,1,10,11,10,0.1,0.1023048525836181,-0.07327013081399551,1,1.396269550048034,0.18526623066614004,0.4551041770925539,0.023862605708515783,0.07327013081399551,0.9474461657576291,0.8951814150057301,0.8834935147131792,6.074249874753203,3.2539757640062326,2.8159809352358693
4,1,10,11,100,0.1,0.0826990351399245,-0.011541407382191142,1,7.1654203340515,0.08558354005014171,0.0736743590195155,7.847352995293086e-4,0.0173009648600755,0.9968880303783783,0.8190894024309865,0.7884831868357671,10.629256350066852,1.2247207099152746,0.8055815171722371
5,1,100,101,10,0.1,-0.04218952463000007,0.4613645554247922,0,0.09144509289655967,1.4694985630810657,11.56781831125634,2.177863931823317,0.4613645554247922,0.9885953536317396,0.9824375004743753,0.9730035979152323,31.710014060989195,16.870169868091647,6.366202340775817
6,1,100,101,100,0.1,0.08088872381206488,0.09403798756015283,0,0.8601707236697635,0.398694940623511,3.241125584085084,0.15277991091637202,0.09403798756015283,0.9857998293374147,0.9825261950215624,0.9749578444455907,23.822315700123905,17.024693405546802,7.796344211160792
7,1,1000,1001,10,0.1,-0.0034048759548059404,0.25568469247855635,0,0.013316698476548412,2.6560867071863954,67.07084645488308,7.065477571283231,0.25568469247855635,0.9976644059394675,0.9973241603999955,0.996126656769267,96.35994806892192,68.48736633439441,20.57362393477101
8,1,1000,1001,100,0.1,0.04040421512360951,-0.30999653704322466,0,0.13033763379742436,2.6544837801422005,66.95768794609911,7.048203296013304,0.30999653704322466,0.997857000453312,0.9973410318930065,0.9961430346288973,116.89901287083578,69.6569742667066,20.915023186431725
9,5,1,6,10,0.1,0.0937370915772975,0.009469578866926025,1,9.89876032446267,0.22755384115878907,0.034338671169157634,3.279060824286313e-4,0.013801490474735709,0.8625902612023488,0.8705143609515933,0.8705143609515933,2.4716020902996827,2.6110001154303477,2.6110001154303477
10,5,1,6,100,0.1,0.10352483979379541,-0.004542228510349496,1,22.79164061383381,0.2352880205564636,0.03049613191561598,1.696719363255465e-4,0.007694601795620204,0.8721157408694815,0.8735081421731162,0.8735081421731162,2.6399518228498646,2.665342322104819,2.665342322104819
11,5,10,15,10,0.1,0.003056026853211614,-0.7578167707608797,0,0.0040326725022768175,1.44743082046012,4.683562277162462,2.175845760187862,0.7578167707608797,0.9218000643549936,0.9343239004300002,0.8963189617526345,4.422239614544042,5.414434890987925,2.9042233996804963
12,5,10,15,100,0.1,0.0914907951522265,0.010171190940290835,1,8.995091694700838,0.23613158710114862,0.10051414265188671,7.725052702517648e-4,0.011124489521616862,0.938746262796523,0.9479365881230637,0.7926502250801579,5.811852383372735,6.72636691892756,0.45953126878928624
13,5,100,105,10,0.1,-0.06181339824724246,-2.394077275909748,0,0.025819299514362334,7.393142916553109,57.270160055222,54.68662884111887,2.394077275909748,0.9857032145212486,0.9829192916579456,0.9726124438177081,23.149277911724205,17.201427710581324,5.686834381236101
14,5,100,105,100,0.1,0.040882488549337424,-0.08354808878826275,0,0.4893288301656614,0.39582210663138406,2.76621903632859,0.12589148706942643,0.08354808878826275,0.9851716346638221,0.9841371128141997,0.9729002605667149,21.87452826912916,19.589724504695283,5.866281082692016
15,5,1000,1005,10,0.1,-0.18241121371020183,-4.112925916559589,0,0.044350717083371766,27.514085223339535,620.8809573766199,757.2627166834709,4.112925916559589,0.9979025372720385,0.9974736753198458,0.9958781840575044,121.82419848742748,79.08901507399155,15.827629410613012
16,5,1000,1005,100,0.1,-0.01890003586778623,-0.5255187255844014,0,0.03596453360775776,4.423304133586403,108.60230491538545,19.595357861149502,0.5255187255844014,0.9977314318991014,0.9973203678688906,0.9960890702822222,102.53886471811262,67.76852843411174,19.580857516992893
17,10,1,11,10,0.1,0.02011871893608239,0.19908185388227745,0,0.10105752254034735,0.5097954636411511,0.9733238124382966,0.15085622888653158,0.2318669490113596,0.7610231963101792,0.8938134714522041,0.871963954036848,0.545468309532533,3.1996946950328504,2.4371178919987266
18,10,1,11,100,0.1,0.07759218594952763,0.004815748197807351,1,16.112176709084576,0.3003818065275826,0.06674078302460061,7.601761696223549e-4,0.022407814050472374,0.8842164257898447,0.9021036714130857,0.9002238948164257,2.8414305623614053,3.541715228268117,3.461374458179177
19,10,10,20,10,0.1,-7.101841052337866e-4,-0.3964801062265197,0,0.0017912225457991566,0.72060512667747,2.445062335058998,0.45689589599935765,0.3964801062265197,0.9063272926537838,0.9275923184966636,0.9063272926537838,2.7972492216856706,4.448082835321509,2.7972492216856706
20,10,10,20,100,0.1,0.07914110622753158,0.01316655803403013,1,6.010766520983268,0.30307534462417424,0.20195164574480207,0.0028734179262043017,0.020858893772468426,0.9350666665261342,0.9409276278996864,0.9350666665261342,5.222536747465867,5.91771994877709,5.222536747465867
21,10,100,110,10,0.1,-0.014195022901604858,0.5058643980456593,0,0.02806092493649576,1.2130028389471366,9.798171334359244,1.4613017251126186,0.5058643980456593,0.9838148443622833,0.9828538521746358,0.9750596152195893,18.275257815107285,16.41256819154719,6.836303089668445
22,10,100,110,100,0.1,0.020831808537437203,-0.1647395626551348,0,0.1264529794888823,0.6361610555261088,4.963272432726491,0.3386915046528712,0.1647395626551348,0.9834974140607801,0.9833355678296982,0.976480223650297,17.637910885607777,17.321479332893507,8.023658094799066
23,10,1000,1010,10,0.1,0.10170132939440106,-14.391369923617795,0,0.0070668275455485425,90.64451513931148,2039.9188297720193,8216.896652341477,14.391369923617795,0.9977322843184239,0.9974938417833085,0.9958729641721418,101.97338610854428,80.10262963699896,15.4989814717335
24,10,1000,1010,100,0.1,-0.2123961370493915,7.711931841273099,0,0.027541236284361247,46.616855017622115,1033.057801921122,2172.736966469049,7.711931841273099,0.9979386783740514,0.9975099539557122,0.9959054301148974,125.6653027983768,81.42014559319924,16.017794564966618
25,50,1,51,10,0.1,-4.000638196394982e-4,0.07100204618137011,0,0.005634539300706365,2.92152876522551,14.508047510334608,8.188366815858043,1.6837332192670809,0.8779039874599334,0.9639595499764912,0.9536052214669367,0.06658375413258985,7.844576442774391,4.522408780107817
26,50,1,51,100,0.1,0.0668173845081463,0.0013795779428253587,1,48.4332073121618,0.7050708831775442,0.5755381207508028,0.009049919946379667,0.03318261549185371,0.9548484444659198,0.9645527072900637,0.9627350018459381,4.833112090174585,8.094580703332287,7.352161156276369
27,50,10,60,10,0.1,0.0242364892734407,2.732441659290824,0,0.008869901829754353,16.543202565355337,99.43206460798703,274.1347582710482,5.333379988424851,0.9353980746202599,0.9735480147218478,0.9588201752072352,1.0912884252878199,12.011404145367532,4.812614503363848
28,50,10,60,100,0.1,0.06067519069575803,-0.020290130057854006,1,2.990379584692291,0.7294526157859662,0.6962526186957707,0.012334732229536832,0.039324809304241974,0.9594011493280121,0.9701172483522491,0.9670159344932074,4.990744241588503,9.718625026155781,8.019902293310235
29,50,100,150,10,0.1,-0.0016408773694368201,-2.0534321709209706,0,7.990901246574322e-4,4.656388674708593,40.83713629071314,21.52992781192161,2.0534321709209706,0.9815499229622953,0.9865855694374114,0.9792110792338826,9.182274143624271,19.783589222861846,6.4200595120359525
30,50,100,150,100,0.1,0.005036193716731425,-0.6199002420884743,0,0.008124200274167085,2.390969754585852,22.49315519486383,5.706042843964861,0.6199002420884743,0.9824596230675419,0.9873106485003782,0.9802622358062165,10.5511036354775,22.08840813307606,7.5410540056504525
31,50,1000,1050,10,0.1,0.004335062945883418,0.37245002216749384,0,0.011639314506293423,3.690195565745332,97.25941129636115,14.051169684285638,0.37245002216749384,0.9973268378264089,0.9973952246162741,0.9963589304750159,63.1786810375034,67.89504410810763,22.79281540413186
32,50,1000,1050,100,0.1,-0.01212405837008388,0.7917133695047303,0,0.015313696644618104,6.153159768072249,155.7283412662386,38.341235819397,0.7917133695047303,0.9973872715324417,0.9974438590709749,0.9962720013107376,67.32896051610332,71.46167816522426,20.797487747279874
33,1,1,2,10,0.5,0.5376784327541964,0.03590219201259822,1,14.97620068895857,0.5388757411874451,0.07358062476679458,0.0027086316861219682,0.037678432754196356,0.998888450392566,0.25811673684239106,0.998888450392566,1.9955562726553235,0.1332484996763283,1.9955562726553235
34,1,1,2,100,0.5,0.48567320048000406,-0.004929108575780609,1,98.53164989434005,0.4856982126545681,0.019255908095776545,2.2955329583798973e-4,0.014326799519995936,0.9999742509896724,0.10073976645246635,0.9999742509896724,1.9998970052847125,0.020297001089794927,1.9998970052847125
35,1,10,11,10,0.5,0.45571222947243684,0.13577278751338417,1,3.356432741925651,0.5115874973095504,0.6576678981084925,0.0560095379310125,0.13577278751338417,0.9895408003479318,0.8649980626050429,0.799812885497751,9.79858685085036,2.231306175281027,0.9424646028776205
36,1,10,11,100,0.5,0.5117600642089332,0.017527252878239967,1,29.197962040262556,0.5123210368754382,0.07352889394152354,7.127806161908768e-4,0.017527252878239967,0.9999004083159487,0.6744985895314299,0.6687229042278459,10.987955405131927,0.14460529287644008,0.13155303348676556
37,1,100,101,10,0.5,0.017310296604038735,0.25872911501686585,0,0.06690509725938777,1.1027656601854092,9.426917005594,1.4487818046801226,0.4826897033959613,0.985748128200746,0.9821151103023252,0.9739431473778993,23.696458422825668,16.320109132945575,7.018036235508393
38,1,100,101,100,0.5,0.4804788821410116,-0.11240461417271101,1,4.274547674731129,0.6361800659945401,3.489584276335708,0.17424619422780588,0.11240461417271101,0.9972246666137041,0.9777483401413827,0.9711491896822839,76.28086714785347,10.405362060040643,5.2505226830619005
39,1,1000,1001,10,0.5,0.1982293761787265,0.9194623975604558,0,0.21559269493203245,7.470548955831234,185.6133223653102,55.86087232529241,0.9194623975604558,0.9979093466934216,0.9973527629903093,0.9961490672326636,123.20136918982377,70.48196732421539,21.0421951047689
40,1,1000,1001,100,0.5,-0.6067244331757267,5.140097138394845,0,0.11803754225648647,33.005512363290165,788.9009453742436,1090.2205707964758,5.140097138394845,0.9981439796737568,0.9974227042699749,0.9960059335954491,155.89023975449462,75.60719740323772,18.223076403489834
41,5,1,6,10,0.5,0.36887333129312283,-0.013490559856394418,1,27.343070652348043,1.00120889603836,0.2876440719105374,0.02657276556049491,0.13112666870687717,0.8466919415130923,0.8759915913308114,0.8759915913308114,2.2105676412946487,2.711133320867341,2.711133320867341
42,5,1,6,100,0.5,0.49423505559342124,6.652909707354261e-4,1,742.885560354267,1.1269090074351038,0.031877722133465076,5.832152911950293e-4,0.02337321798001013,0.8716472868166402,0.8733679786457654,0.8733679786457654,2.631454992368848,2.6627772587796827,2.6627772587796827
43,5,10,15,10,0.5,0.14541121408507182,0.2066613606679665,0,0.703620713688697,0.8743573735630404,1.7624861353167938,0.3103104615004352,0.35458878591492815,0.9083182089117199,0.9329366427903273,0.8787797658149551,3.5453700097332064,5.295092190898947,2.159195607082173
44,5,10,15,100,0.5,0.4717245782704272,-0.017033260728074765,1,27.694320294934233,1.108161170234736,0.09990309923324339,0.0015854108326386973,0.028275421729572814,0.9446531384077373,0.9481806009660154,0.7321837366937691,6.385234263854926,6.752385759263117,0.13976306953749704
45,5,100,105,10,0.5,0.01979011801269652,-0.3572553334665207,0,0.0553948847191979,1.3548415861147036,13.032164060854575,2.648953014740085,0.48020988198730347,0.9847995733844562,0.9822524431598566,0.9756441276086909,21.023922002725172,16.018308675677773,7.884786922399628
46,5,100,105,100,0.5,0.4347085084191187,0.18197191136053906,1,2.3888769710059,1.1843752414756805,3.992847476832331,0.2669043187474113,0.18197191136053906,0.9904997487649103,0.9755988765978979,0.9652770914684902,38.53879394433854,7.846480721109809,2.568320590884778
47,5,1000,1005,10,0.5,0.1540915827337731,1.1672079990110118,0,0.1320172435969738,8.195897969671055,205.25009195092355,69.83773554101901,1.1797884799772893,0.9977358538606328,0.9973480382833132,0.9961430006507122,102.99660852689401,69.6847153646971,20.675796889762093
48,5,1000,1005,100,0.5,0.003260590959790798,0.8614751988056313,0,0.0037848924313913564,8.41723554948393,213.5159304815414,72.3490349308737,0.8614751988056313,0.9976662858620668,0.9973326057968906,0.9961478268302225,96.02601268060114,68.60943024631871,20.77671446025035
49,10,1,11,10,0.5,0.06179537208715525,0.04169182195085261,1,1.4821940897666028,1.458514677328049,2.4130920099201214,0.869068441731059,0.5696334286995749,0.7502153095868953,0.908947971032537,0.8878138686039054,0.466055709637414,3.848769968149796,2.9712134949425626
50,10,1,11,100,0.5,0.4852825064862755,-0.024439461347252497,1,19.856514003768392,1.5984885505738178,0.13077510663587888,0.002022184305044214,0.024439461347252497,0.8972945080961893,0.9016276992000827,0.9008000253220738,3.339471883882298,3.521213708650084,3.4858201178168247
51,10,10,20,10,0.5,0.09431218391771218,0.4876840003164741,0,0.19338789842707557,1.7321102602800265,5.832553119521531,2.462033588132744,0.7532034226391563,0.9082624586380402,0.9357093476957473,0.9082624586380402,2.9191557794779532,5.294797526378837,2.9191557794779532
52,10,10,20,100,0.5,0.474024134068572,-0.03491694192453026,1,13.575763166577742,1.5648436494890867,0.17565914094743784,0.003630055121619132,0.03491694192453026,0.9420337774647041,0.9445176097378345,0.9420337774647041,6.058421673287788,6.386033367795552,6.058421673287788
53,10,100,110,10,0.5,-0.10881042401004697,-8.255524220167024,0,0.013180316731945285,25.886823557090057,197.7474884161896,655.9678974607845,8.255524220167024,0.9839189468992052,0.9836770495576582,0.9732598199969815,18.48920718055515,17.99583323609018,5.579047569328676
54,10,100,110,100,0.5,0.38380402551896325,-0.19621057203580242,1,1.9560822922881587,1.5790448027717208,4.439349375430971,0.31886641652098086,0.19621057203580242,0.9872237426745301,0.9812205105717229,0.9666143169728004,26.736697231756374,13.668493057355318,2.6257130205368537
55,10,1000,1010,10,0.5,-0.06091418008646285,11.420372821629872,0,0.0053338171211970474,63.60182125788875,1438.9419173927886,4042.593944898247,11.420372821629872,0.9977781033498663,0.9974852949465626,0.9959299127830513,106.81444792941846,79.41240993859232,16.420476431761404
56,10,1000,1010,100,0.5,-0.004990148605350437,-2.191189674846251,0,0.002277369532466686,12.364336912099015,287.7198138709997,155.8728805539814,2.191189674846251,0.997769944326782,0.9974481183031095,0.9959560406829723,105.93590060931093,76.47859363300536,16.861379928051793
57,50,1,51,10,0.5,0.028700410719895382,0.11063277451450344,0,0.25942050939102945,1.8520066650423135,19.28612306217124,9.574691369451322,0.832738380618921,0.9233981341093546,0.9706180310057986,0.9514574688220805,0.8758077845603391,11.14387608827989,4.031146085438635
58,50,1,51,100,0.5,0.46948100419097316,-0.011187691723364559,1,41.96406334744649,3.5355386465444782,0.4270620409799046,0.005411412123769495,0.03051899580902684,0.9611852697662336,0.9626977935206715,0.9623930857354922,6.772244234168185,7.33768347550712,7.220169266271204
59,50,10,60,10,0.5,0.00830914243383339,-1.236823600702085,0,0.006718130563741419,6.684776382383226,41.07311979907116,46.9616453114212,2.3232025791565523,0.9431297503273766,0.9698045930068311,0.961515249888513,1.7882899026672594,9.53246999413905,5.695368772794661
60,50,10,60,100,0.5,0.4617098526909143,-0.02060441284676882,1,22.408299431998593,3.523440628313156,0.7710288187004527,0.015095764521199602,0.0402868356691688,0.9666962556170051,0.9684617122444006,0.9677219669691998,7.86236922479873,8.771999419997195,8.378904115702465
61,50,100,150,10,0.5,0.00383250270000683,-0.5248887699213257,0,0.00730155209946914,2.2719956561990156,38.17544870823346,16.018458720283036,0.765592977367928,0.9827676085313967,0.9874141095233685,0.9801711435207959,11.05901253456495,22.43833187953232,7.436663888911724
62,50,100,150,100,0.5,0.0025532199075747014,-0.6574482960324701,0,0.0038835295839729465,3.8498848571439725,30.113634559337427,9.708085490404125,0.8380506216631658,0.9831495064255675,0.9869608472286892,0.9807023428709327,11.722657792418373,20.944979477693295,8.066277929864674
63,50,1000,1050,10,0.5,-1.459651171755087e-4,-0.3985305517214822,0,3.662582869619445e-4,3.6366607943048113,115.57478175796645,25.76146248125366,0.6799871211925265,0.9973522575913581,0.9974198905680888,0.9963047876630101,64.89229340573385,69.68113422489564,21.52868255644917
64,50,1000,1050,100,0.5,-0.001693161369851227,-0.4879614436011997,0,0.0034698671217863906,4.051498829559823,119.7136821937192,26.123412568156027,0.6649601076735745,0.9973780174813408,0.9974464752086192,0.9962786890317026,66.67620957092547,71.65875347863934,20.944593741172323
65,1,1,2,10,1,0.9579332540771368,0.03379037623122072,1,28.349292340582213,0.9585290338809043,0.07585712215408391,0.002911400638386173,0.04206674592286319,0.9996891735204845,0.18775602299953545,0.9996891735204845,1.9987568873081387,0.07050464834520416,1.9987568873081387
66,1,1,2,100,1,1.0067001604093806,9.59520191271357e-4,1,1049.1703765769748,1.0067006176849551,0.007659680600651952,4.581282850888857e-5,0.0067001604093805955,0.9999997728840042,0.030872861988576913,0.9999997728840042,1.99999909153612,0.0019062672147314344,1.99999909153612
67,1,10,11,10,1,0.909478206237119,-0.1560135279126783,1,5.829482983976615,0.940566139235093,0.6783541052660457,0.06570824980137055,0.1560135279126783,0.9969491239156806,0.789442322768227,0.785894674166317,10.636424012397665,0.8164266020350731,0.7769632681141074
68,1,10,11,100,1,0.996499440628474,-0.02217237975637752,1,44.94327860056823,0.9972678535409594,0.10398404795760481,0.0015442904492446263,0.02217237975637752,0.9999299283567359,0.6874329531480465,0.6708140759637611,10.991524301111957,0.17820771461336787,0.1361496478047576
69,1,100,101,10,1,0.16959630281132637,0.3239787039917131,0,0.5234797865469096,1.026812670329057,8.609091751091194,1.715151654325636,0.8304036971886737,0.9886438153872085,0.9823283653777035,0.9722530727393254,31.867399038499236,16.681939246478773,5.888885851083489
70,1,100,101,100,1,0.9943127363470111,-0.10304639520003617,1,9.64917534880116,1.0573634004026917,2.7673270288751257,0.12939188781712105,0.10304639520003617,0.9993914530703668,0.9721628937467566,0.9632375178420413,94.97736192949513,5.833973762488463,2.2982313964813823
71,1,1000,1001,10,1,-0.03151409215407921,-0.30898939397614555,0,0.10199085395310412,2.593155828819305,66.43620702488336,7.787485336847695,1.0315140921540793,0.9978770579075786,0.9972971223497571,0.9961392644616849,119.27489275141208,66.65374425289843,20.835935340983042
72,1,1000,1001,100,1,0.32526021080708534,4.561422054610505,0,0.07130675629507363,30.911324826400964,733.4027708309847,955.8594821016583,4.561422054610505,0.9980902492885408,0.9973882565157639,0.9959914920897031,147.71231910336525,73.03798022899787,17.96049642655156
73,5,1,6,10,1,0.9745558163686507,-0.020643954675052915,1,47.20780643576727,2.221545997494045,0.09581920604195199,0.001749975076394931,0.02544418363134926,0.8716829834579086,0.8739820484470026,0.8739820484470026,2.6321016556973538,2.674030302252892,2.674030302252892
74,5,1,6,100,1,0.9823405687597416,-0.004410956949740961,1,222.70463755431365,2.222314387892634,0.05098857623812951,6.157841598260577e-4,0.017659431240258372,0.8727893340828442,0.8747790726864529,0.8747790726864529,2.652209536449803,2.6886951243764314,2.6886951243764314
75,5,10,15,10,1,0.4355279413350192,-0.47702262326839207,0,0.9130131781820623,1.919653987218952,4.23433053541429,1.5654467871406,0.5644720586649807,0.9113553234464012,0.9246954651594292,0.9011427038111737,3.727410979617212,4.635239469348593,3.147710771716783
76,5,10,15,100,1,0.9853034171424502,-0.018131336708363335,1,54.342569055483104,2.2396439025654633,0.12494736851171649,0.0014679894548181778,0.018131336708363335,0.9467298441789052,0.9475866837723644,0.7025992646872824,6.599063020780713,6.689220234117725,0.07528468249763995
77,5,100,105,10,1,0.03653159369604634,0.9689710157980176,0,0.037701430796627015,3.532191891299851,31.167476879918972,15.493446174157906,0.9689710157980176,0.9858713992956497,0.9826458161832535,0.9735467995966787,23.56771096983004,16.70610802763287,6.290089271914096
78,5,100,105,100,1,0.8885741422097688,0.09105827297403374,1,9.75830216396873,2.180140349051523,3.8903239587546965,0.20357378124557715,0.11142585779023118,0.9914885582876275,0.9692080941403172,0.9612896795557657,42.79554065068165,3.9352986915688217,1.6629862989872335
79,5,1000,1005,10,1,0.04243691974977593,-0.28503073313910876,0,0.14888541766148658,2.8207218365154203,76.45005030392981,13.0564009120685,1.095200723957018,0.9976175600583485,0.9973142875848892,0.9962176300219963,91.42636926141554,67.3545718363437,22.292579972395803
80,5,1000,1005,100,1,0.0015455983832676423,-0.6336935089969119,0,0.0024390314265869723,5.186530452463171,136.37806285194014,32.00779683168798,1.1978313538947094,0.9976597117388253,0.997299842277925,0.9961963700504985,95.39218430812245,66.38121092692134,21.819547978114574
81,10,1,11,10,1,-0.12341469626534274,1.1241550189154284,0,0.10978441068066555,1.5287823909837917,10.699319480588354,11.48750452232797,1.3739630525555855,0.8075208642276412,0.8798477903266289,0.829430273463803,1.0473310017662087,2.6907646257387157,1.405954915981783
82,10,1,11,100,1,0.9804011692855801,-0.013469899394006368,1,72.78459479228361,3.1513501957903505,0.10175354117134874,0.0013186447483183143,0.019598830714419924,0.8992918350002208,0.9008367694426311,0.9004962849754344,3.4221562797265306,3.487384510233799,3.47291269081901
83,10,10,20,10,1,0.24204322907603554,0.7899289462751404,0,0.3064113933504715,3.303201286832809,10.899560591497096,10.825504740638955,2.2602946874300627,0.8989450220540353,0.9309634901520829,0.8989450220540353,2.375158696470129,4.782808419359414,2.375158696470129
84,10,10,20,100,1,0.9803640037007775,-0.019638678403776408,1,49.92005997268426,3.1507439577062217,0.15703834229812805,0.001835004358529704,0.019638678403776408,0.9432975625438311,0.9440424575141785,0.9432975625438311,6.2230636120270075,6.3220879169059465,6.2230636120270075
85,10,100,110,10,1,-0.012548761858203708,0.9847271816754398,0,0.012743389328253259,3.1045658410587333,32.775541388914405,18.6038860634051,1.3289358086801988,0.9835830031638316,0.9833804052473606,0.9750389110945719,17.80755799147461,17.408574926561922,6.820353951582074
86,10,100,110,100,1,0.8745935620874838,-0.18471439842392234,1,4.734842381265149,3.120180029469233,6.214083647996636,0.5241424576012071,0.18471439842392234,0.9885039836445313,0.9746288946781189,0.9637034714531395,30.833250299979806,6.5119908578120755,1.8843833551312208
87,10,1000,1010,10,1,0.09638465440835202,-2.690610303630829,0,0.03582259916208835,20.34019125140651,496.4783583253495,422.3180693691119,2.690610303630829,0.9976590560168814,0.9974130833814331,0.9961081787048826,94.68735372921756,73.8129695918853,19.673987474680114
88,10,1000,1010,100,1,-0.0031515911869334583,0.29172014472765234,0,0.010803474644768737,2.6856400700469267,76.32946739705737,15.502427955819147,1.0265941377928722,0.9975115696794489,0.9973451072231521,0.9961925621058351,81.55345415866451,68.90289003762565,21.431331212500755
89,50,1,51,10,1,0.005809167875562646,0.4052563687732715,0,0.014334550480100407,3.0921911361599133,42.2100335893248,42.46356601375112,1.7177712683471396,0.8970607468242974,0.9669785676880198,0.9556382467922148,0.20020950924719724,9.200881648150723,5.041268657843554
90,50,1,51,100,1,0.979093503747301,0.010286107078559564,1,95.18601121585935,7.104205431948988,0.48796654502089354,0.007120186894764164,0.029229195350134907,0.9618862113637601,0.9625948969451931,0.9623595317206725,7.028761931144406,7.297792000350431,7.207342090094672
91,50,10,60,10,1,-0.020149490747140068,1.6696573475833076,0,0.01206803945510425,4.601430203528986,43.499954151820816,46.42147645966191,2.0502521432640073,0.9411530716544271,0.9725927572562382,0.9593954643586491,1.5767654303105318,11.324345675135605,4.988970180604439
92,50,10,60,100,1,0.9642473474009798,-0.03717938994939829,1,25.934996478246013,7.064223236876517,0.8469384858860148,0.016906627892537544,0.03717938994939829,0.9673539305729438,0.9682430207207582,0.9678456708550611,8.189837566577188,8.65393765133494,8.443411568136616
93,50,100,150,10,1,0.008380823632604747,-0.7727492442759059,0,0.010845463382442883,2.559450022799326,63.90558146659766,52.80455835827975,1.4087772710528457,0.982768389328143,0.9869002579687678,0.9806841574477823,11.060330549939216,20.752987919219713,8.043872627596778
94,50,100,150,100,1,-0.052898039477852606,-0.7983989430598198,0,0.0662551471763274,6.118586469926324,39.72918303159777,17.241354307643945,1.082808035645661,0.9830065509589764,0.9874532156677461,0.9801474060684089,11.469726696849007,22.572025139942465,7.409697780587876
95,50,1000,1050,10,1,0.01178557022347073,-1.0544634810240745,0,0.011176840578703412,9.864359341311502,288.2788689134557,149.62842934517676,1.6740582824967847,0.9973743356238535,0.9974636245813507,0.9962520035263075,66.41826477580724,72.96414102252379,20.363737399618962
96,50,1000,1050,100,1,-0.008075526029044766,-2.6474995058636184,0,0.003050246472627959,19.50682044030999,508.553397831789,418.4344535257506,2.6474995058636184,0.9973472801973042,0.9974504401033187,0.9962546060384977,64.55313735621614,71.95846703357635,20.419670067766532
97,1,1,2,10,5,4.9704723099753005,0.04774306469898365,1,104.10878189981615,4.970701598814603,0.07727075472368311,0.003151284705046075,0.04774306469898365,0.9999769357022376,0.09800456392726799,0.9999769357022376,1.999907743872874,0.019209789101147918,1.999907743872874
98,1,1,2,100,5,5.019251692719216,0.003032654550955124,1,1655.0687222645981,5.019252608890923,0.02228434727017102,3.798246661805392e-4,0.019251692719215896,0.9999999087342458,0.024580569724066626,0.9999999087342458,1.9999996349370002,0.0012084088159194017,1.9999996349370002
99,1,10,11,10,5,4.665625881247648,-0.5546360079203794,1,8.412050091629501,4.724714786276568,2.0997575571029654,0.6666709991839568,0.5546360079203794,0.9988565446252704,0.7560563207425101,0.7260113183151311,10.862430223892868,0.5075610869931021,0.32491517047487417
100,1,10,11,100,5,4.996510032806355,-0.011617145410537613,1,430.0979161605526,4.996574247548771,0.07757335809741886,6.538832040187163e-4,0.011617145410537613,0.999998831651914,0.5620029137182023,0.5606618549727154,10.999858630707445,0.019431974156068708,0.018927959168868354
101,1,100,101,10,5,0.9398600811563671,-0.7003738646910712,1,1.3419405385307048,2.948847454928233,26.215701184511474,24.297100500873047,4.060139918843633,0.9887426684413314,0.9821798578922181,0.9732580142074388,32.19083714830658,16.42913711684526,6.536544449694719
102,1,100,101,100,5,4.9443308802235535,-0.16022599031569434,1,30.858482262969353,4.98408318616547,5.179818838370023,0.3977764043818098,0.16022599031569434,0.999920717712695,0.9625835447647859,0.9541617062946208,100.1944390271659,2.145868610141308,0.8833679629940886
103,1,1000,1001,10,5,0.15939955264273198,-1.1320536921671165,0,0.14080564706925672,8.981959096262514,215.93839674216494,104.08159368050559,4.840600447357268,0.9979330236485405,0.9974490300376246,0.9959414333439789,126.16242555934303,77.63134839626055,17.07922759246229
104,1,1000,1001,100,5,0.4536673997147229,-0.33179820202918175,1,1.367299150327592,3.1657521157279804,83.59859794795294,30.485312461088952,4.546332600285277,0.9980610414424943,0.9973035504753034,0.9961602889329834,143.44808137639365,67.08518265040358,21.280815699030747
105,5,1,6,10,5,4.966859181714205,3.4135786150254056e-4,1,14550.299676274597,11.150558180507105,0.091742360472802445,0.002232878874143089,0.03314081828579507,0.8739049645464584,0.8743098408645101,0.8743098408645101,2.672615541559367,2.680053417742005,2.680053417742005
106,5,1,6,100,5,4.981334497338868,0.002455190976736807,1,2028.8989917841573,11.168724879982591,0.05944770245065973,8.120083857011191e-4,0.01866550266113176,0.8740917450498147,0.8743969836043969,0.8743969836043969,2.6760446967048757,2.681656547815505,2.681656547815505
107,5,10,15,10,5,2.563242422903247,1.8557881257140512,1,1.3812150144656135,9.797680202429724,14.869325932330701,20.84599717345801,2.436757577096753,0.9144874746160285,0.9338639849920185,0.8737637056920745,3.9242591663702027,5.374593995992549,1.9815328435312418
108,5,10,15,100,5,4.997298472153985,0.024703115415619828,1,202.29426078761642,11.189579208667338,0.12713471003400112,0.001720633157638917,0.024703115415619828,0.9476793897108675,0.9477403885478467,0.6335987219672695,6.699043430001988,6.705514258063452,0.015970026895760943
109,5,100,105,10,5,-0.18693981953837976,-2.323772442402481,0,0.08044669784667388,6.825239622781131,68.69889648803118,138.88685511860334,5.18693981953838,0.9859642479496344,0.9832566773897025,0.9725948083082858,23.80191296805135,17.83258340336554,5.67601758506805
110,5,100,105,100,5,4.869237106681222,0.17920149100515612,1,27.171855989418752,11.003797492273451,5.305136560086032,0.42282927032191814,0.17920149100515612,0.9922652760607066,0.9584597063618345,0.9481954479788587,46.4630411965076,1.2202381098133561,0.3939718896690206
111,5,1000,1005,10,5,-0.0050731569253234104,-0.5834774229104324,0,0.008694692761235037,4.868267755225166,147.66847884042534,143.75132823260628,5.077899016547276,0.9976388020742666,0.997297425846174,0.9961798356934296,93.40388328621731,66.21976322206694,21.45860328715797
112,5,1000,1005,100,5,-0.8287136258310885,9.06491784553906,0,0.09141987163611273,38.04625128337112,885.6717043369678,1550.2626803521437,9.06491784553906,0.9979129127270588,0.9973411881533699,0.9959507698692084,123.10383723325063,69.20535832070404,17.030487273026253
113,10,1,11,10,5,0.9002497791249078,2.635861400575526,0,0.34153911845605506,14.415981750744791,24.257186689349403,66.14052375478394,4.099750220875093,0.8467266763150237,0.8868649890080011,0.8678379651185965,1.7642834208013098,2.936468189151142,2.3132244942156657
114,10,1,11,100,5,4.99312956830435,0.0042356798883867374,1,1178.8259972134263,15.828821711370034,0.08080866508364774,8.953010978052739e-4,0.015390332270632356,0.9004252372064651,0.9007286397202725,0.9005889340486837,3.4698997975253563,3.4827826770538812,3.4768451944432925
115,10,10,20,10,5,1.1285463399073714,3.1897956757271757,0,0.3537989434543005,10.07936594810381,44.53648170270709,126.51590586362346,3.8714536600926284,0.9141819578836652,0.9395836611576692,0.9141819578836652,3.3241676092049097,5.750943703247604,3.3241676092049097
116,10,10,20,100,5,4.975861106037565,0.021769471995578344,1,228.57059220582957,15.799569725773472,0.18394746359356334,0.0027063874150473725,0.024138893962435404,0.9438677544812549,0.944086348389488,0.9438677544812549,6.298729892524298,6.32796910503008,6.298729892524298
117,10,100,110,10,5,0.08926075921050639,-1.7913337300207184,0,0.049829218148800224,6.639424600723403,91.10407880553473,221.18933123541,4.910739240789494,0.9832364993641438,0.9831136767195594,0.9755008968945479,17.130569252113276,16.896776251296888,7.18516454820038
118,10,100,110,100,5,4.631327710634365,-0.5863259368292704,1,7.898896193607995,15.17824600703259,18.96109163533319,5.04326744801357,0.5863259368292704,0.9892669273759448,0.9708537123853771,0.9591025103542413,33.56422395141947,4.249229655477758,1.1131296058148716
119,10,1000,1010,10,5,-0.026260578189935636,0.3815132010532756,0,0.06883268552028042,3.7427669581269822,143.32726133374146,257.77993939077373,5.153791543521803,0.9975505445324395,0.997341131358826,0.9961644619216766,84.83606231316504,68.62602267668707,20.82936700604851
120,10,1000,1010,100,5,0.013441073872513086,-1.6390291955471457,0,0.008200631147406831,12.85398902811289,339.5380725755489,328.9062383406898,4.986558926127487,0.9977183489326382,0.9974209547447402,0.9960322699620772,100.54496400939459,74.40365901282068,18.216486289502104
121,50,1,51,10,5,0.11648378650339507,1.7894035647772342,0,0.06509643145697898,17.21518731141109,192.51916063939507,933.5764033582593,8.2136153715079,0.906873705826497,0.968600467594786,0.9577871073288031,0.34870444766510755,10.02186547492089,5.653123854502676
122,50,1,51,100,5,4.9606874917577715,-8.148823118625595e-4,1,6087.612185886366,35.370683137916714,0.6860222574393571,0.013430120058934895,0.03931250824222854,0.9622158756162469,0.9624290731941335,0.9623910487508466,7.1526767264622135,7.233951585190026,7.21938992112297
123,50,10,60,10,5,-0.07874893573340952,-3.477209387079134,0,0.022647165288932705,15.081994395128675,231.57014850620953,1149.609878297975,9.27897898036969,0.9463269127286749,0.9727477694531068,0.9592280075351611,2.1909008518693383,11.433149116276706,4.936990580848459
124,50,10,60,100,5,4.9558315790182705,-0.025372633643547967,1,195.32192237672947,35.36677944300838,0.8764874879643004,0.019253335088523015,0.046185493956921064,0.967777120052469,0.9679864610281204,0.9679092786455344,8.40760452108056,8.517423266144572,8.476770770523522
125,50,100,150,10,5,0.002780997495143963,1.7999599923807685,0,0.0015450329490188264,10.231836120753465,301.54266759550455,1189.101673098463,6.449158857912891,0.9837526059596378,0.9870543863473279,0.9809254805674514,12.85214542937024,21.24485049619094,8.34629343355208
126,50,100,150,100,5,0.86112213384794,-4.7214491239731124,0,0.18238513457141806,28.21951949246212,208.84527064090219,438.90085060000564,4.7214491239731124,0.983317832585656,0.9867427350029018,0.9808974249133985,12.027587952362287,20.261980363851784,8.310562511820207
127,50,1000,1050,10,5,-0.005793900296809554,0.6178638274700562,0,0.00937730943164875,5.645622458977747,382.4923710835933,1237.3746133027764,5.397713979751865,0.997305169264003,0.997396670995455,0.9963449731843885,61.753687959069524,67.99850414298913,22.460013689775728
128,50,1000,1050,100,5,-4.321534967752736e-4,-0.983829335136283,0,4.392565675177905e-4,10.837311262190836,486.18119184371307,1143.9493459439343,5.000432153496775,0.997357545743748,0.9974270194974099,0.9963202198060167,65.25457489075005,70.20603823327039,21.88168183719048
